time,eua_price
1325462400,7.14
1325548800,6.59
1325635200,6.55
1325721600,6.74
1325808000,6.60
1326067200,6.79
1326153600,7.13
1326240000,7.04
1326326400,7.20
1326412800,7.00
1326672000,6.74
1326758400,6.74
1326844800,6.85
1326931200,7.31
1327017600,7.27
1327276800,7.11
1327363200,7.51
1327449600,7.59
1327536000,7.74
1327622400,8.19
1327881600,7.75
1327968000,8.04
1328054400,8.46
1328140800,8.74
1328227200,8.50
1328486400,8.69
1328572800,8.75
1328659200,8.34
1328745600,8.02
1328832000,7.92
1329091200,7.66
1329177600,8.11
1329264000,8.37
1329350400,9.00
1329436800,9.27
1329696000,8.78
1329782400,9.18
1329868800,9.17
1329955200,8.83
1330041600,9.44
1330300800,9.52
1330387200,9.04
1330473600,8.56
1330560000,8.88
1330646400,9.06
1330905600,8.86
1330992000,8.54
1331078400,8.58
1331164800,8.45
1331251200,8.11
1331510400,7.84
1331596800,7.82
1331683200,8.14
1331769600,8.01
1331856000,7.79
1332115200,7.78
1332201600,7.18
1332288000,7.45
1332374400,6.87
1332460800,7.02
1332720000,6.97
1332806400,7.26
1332892800,7.18
1332979200,6.86
1333065600,7.11
1333324800,6.34
1333411200,6.49
1333497600,6.18
1333584000,6.81
1334016000,6.92
1334102400,7.03
1334188800,7.16
1334275200,7.27
1334534400,6.91
1334620800,7.17
1334707200,7.32
1334793600,7.44
1334880000,7.43
1335139200,7.19
1335225600,7.20
1335312000,7.15
1335398400,7.33
1335484800,7.36
1335744000,7.60
1335916800,7.23
1336003200,7.16
1336089600,6.70
1336348800,6.73
1336435200,6.84
1336521600,6.79
1336608000,6.75
1336694400,6.83
1336953600,6.67
1337040000,6.56
1337126400,6.58
1337299200,6.43
1337558400,6.70
1337644800,7.00
1337731200,6.80
1337817600,6.89
1337904000,6.92
1338249600,6.64
1338336000,6.50
1338422400,6.37
1338508800,6.46
1338768000,6.50
1338854400,6.48
1338940800,6.46
1339027200,6.54
1339113600,6.65
1339372800,6.68
1339459200,6.73
1339545600,6.80
1339632000,6.93
1339718400,7.32
1339977600,7.42
1340064000,7.59
1340150400,7.51
1340236800,7.56
1340323200,8.16
1340582400,8.06
1340668800,8.10
1340755200,7.97
1340841600,7.98
1340928000,8.29
1341187200,8.15
1341273600,8.34
1341360000,8.30
1341446400,8.36
1341532800,8.07
1341792000,8.01
1341878400,7.95
1341964800,7.91
1342051200,7.69
1342137600,7.65
1342396800,7.57
1342483200,7.70
1342569600,7.16
1342656000,6.87
1342742400,7.14
1343001600,7.15
1343088000,7.20
1343174400,6.86
1343260800,6.97
1343347200,6.93
1343606400,6.58
1343692800,6.93
1343779200,6.98
1343865600,7.08
1343952000,7.12
1344211200,7.20
1344297600,7.32
1344384000,7.24
1344470400,7.15
1344556800,7.20
1344816000,7.50
1344902400,7.65
1344988800,7.50
1345075200,7.70
1345161600,7.71
1345420800,7.64
1345507200,7.91
1345593600,8.03
1345680000,8.15
1345766400,8.16
1346025600,8.16
1346112000,8.01
1346198400,7.72
1346284800,7.67
1346371200,8.03
1346630400,8.25
1346716800,8.19
1346803200,8.24
1346889600,8.26
1346976000,8.36
1347235200,7.86
1347321600,7.74
1347408000,7.96
1347494400,7.81
1347580800,7.47
1347840000,7.39
1347926400,7.47
1348012800,7.56
1348099200,7.67
1348185600,7.45
1348444800,7.27
1348531200,7.46
1348617600,7.63
1348704000,7.84
1348790400,7.94
1349049600,7.95
1349136000,7.87
1349308800,7.65
1349395200,7.81
1349654400,7.93
1349740800,7.89
1349827200,7.72
1349913600,7.79
1350000000,7.81
1350259200,7.70
1350345600,8.00
1350432000,8.29
1350518400,8.09
1350604800,8.00
1350864000,7.90
1350950400,7.88
1351036800,7.71
1351123200,7.67
1351209600,7.88
1351468800,8.07
1351555200,8.13
1351641600,8.23
1351728000,8.05
1351814400,8.10
1352073600,8.26
1352160000,8.33
1352246400,8.22
1352332800,8.28
1352419200,8.35
1352678400,9.08
1352764800,8.42
1352851200,7.90
1352937600,7.13
1353024000,6.93
1353283200,6.72
1353369600,6.75
1353456000,6.79
1353542400,6.79
1353628800,7.01
1353888000,6.84
1353974400,6.85
1354060800,6.84
1354147200,6.59
1354233600,6.22
1354492800,5.95
1354579200,5.73
1354665600,6.21
1354752000,6.40
1354838400,6.79
1355097600,7.07
1355184000,6.84
1355270400,6.75
1355356800,6.65
1355443200,6.57
1355702400,6.46
1355788800,6.95
1355875200,7.25
1355961600,7.34
1356048000,7.24
1356566400,7.06
1356652800,6.72
1357084800,6.59
1357171200,6.39
1357257600,6.36
1357516800,6.65
1357603200,6.48
1357689600,6.22
1357776000,6.04
1357862400,5.92
1358121600,5.90
1358208000,6.09
1358294400,5.66
1358380800,5.61
1358467200,5.12
1358726400,4.97
1358812800,5.45
1358899200,4.67
1358985600,4.35
1359072000,4.12
1359331200,4.18
1359417600,3.99
1359504000,3.81
1359590400,3.44
1359676800,4.19
1359936000,4.37
1360022400,4.45
1360108800,4.19
1360195200,4.21
1360281600,4.58
1360540800,4.50
1360627200,4.61
1360713600,5.26
1360800000,5.25
1360886400,5.20
1361145600,5.15
1361232000,4.68
1361318400,4.98
1361404800,5.31
1361491200,5.20
1361750400,4.59
1361836800,4.30
1361923200,4.47
1362009600,4.92
1362096000,4.66
1362355200,4.63
1362441600,4.27
1362528000,4.28
1362614400,4.33
1362700800,4.27
1362960000,3.98
1363046400,3.75
1363132800,3.56
1363219200,3.73
1363305600,3.78
1363564800,3.57
1363651200,3.53
1363737600,4.02
1363824000,4.43
1363910400,4.17
1364169600,4.50
1364256000,4.66
1364342400,4.96
1364428800,4.90
1364860800,5.00
1364947200,4.93
1365033600,5.05
1365120000,5.20
1365379200,5.22
1365465600,4.78
1365552000,4.37
1365638400,4.37
1365724800,4.78
1365984000,4.79
1366070400,3.14
1366156800,2.79
1366243200,3.07
1366329600,3.10
1366588800,2.89
1366675200,3.08
1366761600,3.02
1366848000,2.98
1366934400,3.10
1367193600,3.32
1367280000,3.12
1367452800,3.09
1367539200,3.78
1367798400,3.91
1367884800,3.72
1367971200,3.50
1368144000,3.35
1368403200,3.28
1368489600,3.52
1368576000,3.63
1368662400,3.72
1368748800,3.52
1369094400,3.57
1369180800,3.32
1369267200,3.42
1369353600,3.58
1369612800,3.50
1369699200,3.65
1369785600,3.75
1369872000,3.83
1369958400,3.93
1370217600,3.92
1370304000,3.97
1370390400,3.92
1370476800,4.00
1370563200,4.11
1370822400,4.06
1370908800,4.22
1370995200,4.50
1371081600,4.42
1371168000,4.78
1371427200,4.57
1371513600,4.69
1371600000,4.38
1371686400,4.43
1371772800,4.37
1372032000,4.65
1372118400,5.82
1372204800,5.94
1372377600,4.76
1372636800,4.37
1378252800,4.70
1378339200,5.11
1378684800,5.46
1378771200,5.30
1378857600,5.39
1378944000,5.80
1379289600,5.62
1379376000,5.81
1379462400,5.70
1379548800,5.49
1379894400,5.57
1379980800,5.55
1380067200,5.55
1380153600,5.63
1380499200,5.17
1380585600,5.28
1380672000,5.43
1381104000,5.12
1381190400,5.01
1381276800,4.92
1381363200,4.90
1381708800,4.97
1381795200,5.10
1381881600,5.49
1381968000,5.33
1382313600,4.73
1382400000,4.84
1382486400,4.76
1382572800,4.81
1382918400,4.99
1383004800,5.25
1383091200,5.13
1383177600,4.98
1383523200,4.73
1383609600,4.93
1383696000,4.95
1383782400,4.98
1384128000,4.75
1384214400,4.80
1384300800,4.83
1384387200,4.73
1384732800,4.51
1384819200,4.59
1384905600,4.65
1384992000,4.58
1385337600,4.55
1385424000,4.63
1385510400,4.62
1385596800,4.57
1385942400,4.63
1386028800,4.61
1386115200,4.60
1386201600,4.80
1386547200,5.04
1386633600,5.15
1386720000,4.99
1386806400,5.04
1387152000,4.80
1387238400,5.02
1387324800,5.00
1387411200,1.90
1388361600,5.03
1388620800,4.84
1388966400,4.73
1389052800,4.76
1389139200,4.65
1389225600,4.59
1389571200,4.70
1389657600,4.90
1389744000,4.89
1389830400,5.16
1390176000,4.98
1390262400,5.10
1390348800,5.18
1390435200,5.10
1390780800,5.46
1390867200,5.60
1390953600,5.59
1391040000,5.78
1391385600,5.91
1391472000,5.91
1391558400,6.16
1391644800,6.53
1391990400,6.51
1392076800,6.34
1392163200,6.43
1392249600,6.46
1392595200,6.88
1392681600,6.84
1392768000,7.01
1392854400,7.09
1393200000,7.11
1393286400,6.30
1393372800,6.58
1393459200,6.58
1393804800,6.68
1393891200,6.90
1393977600,6.87
1394064000,6.88
1394409600,6.98
1394496000,6.88
1394582400,6.58
1394668800,6.50
1395014400,5.95
1395100800,5.85
1395187200,6.07
1395273600,6.08
1395619200,5.95
1395705600,5.93
1395792000,5.86
1395878400,5.24
1396224000,4.70
1396310400,5.10
1396396800,4.88
1396483200,4.90
1396828800,5.04
1396915200,4.92
1397001600,4.99
1397088000,5.18
1397433600,5.29
1397520000,5.60
1397606400,5.48
1397692800,5.60
1398124800,5.73
1398211200,5.72
1398297600,5.77
1398643200,5.26
1398729600,5.46
1398816000,5.40
1398988800,5.23
1399248000,5.27
1399334400,5.28
1399420800,5.18
1399507200,5.19
1399852800,5.36
1399939200,5.34
1400025600,5.17
1400112000,4.83
1400457600,4.75
1400544000,4.90
1400630400,5.15
1400716800,5.22
1401062400,5.15
1401148800,5.22
1401235200,5.24
1401321600,5.23
1401667200,5.20
1401753600,5.47
1401840000,5.44
1401926400,5.57
1402272000,5.56
1402358400,5.53
1402444800,5.40
1402531200,5.59
1402876800,5.69
1402963200,5.74
1403049600,5.70
1403136000,5.58
1403481600,5.83
1403568000,5.79
1403654400,5.76
1403740800,5.76
1404086400,6.04
1404172800,6.22
1404259200,6.30
1404345600,6.21
1404691200,5.74
1404777600,5.91
1404864000,5.98
1404950400,5.87
1405296000,6.06
1405382400,6.13
1405468800,6.22
1405555200,6.35
1405900800,6.25
1405987200,6.36
1406073600,6.35
1406160000,6.23
1406505600,6.39
1406592000,6.21
1406678400,6.34
1406764800,6.39
1407110400,6.42
1407196800,6.38
1407283200,6.38
1407369600,6.10
1407715200,6.33
1407801600,6.30
1407888000,6.43
1407974400,6.38
1408320000,6.53
1408406400,6.62
1408492800,6.56
1408579200,6.53
1408924800,6.50
1409011200,6.48
1409097600,6.53
1409184000,6.60
1409529600,6.56
1409616000,6.56
1409702400,6.50
1409788800,6.26
1410134400,6.42
1410220800,6.27
1410307200,6.22
1410393600,6.25
1410739200,6.06
1410825600,5.87
1410912000,5.90
1410998400,5.99
1411344000,6.00
1411430400,5.68
1411516800,5.82
1411603200,5.82
1411948800,5.77
1412035200,5.83
1412121600,5.82
1412208000,5.69
1412553600,5.68
1412640000,5.74
1412726400,6.05
1412812800,6.11
1413158400,6.05
1413244800,6.08
1413331200,6.16
1413417600,6.22
1413763200,6.14
1413849600,6.18
1413936000,6.24
1414022400,6.34
1414368000,6.30
1414454400,6.16
1414540800,6.41
1414627200,6.41
1414972800,6.57
1415059200,6.50
1415145600,6.66
1415232000,6.64
1415577600,6.71
1415664000,6.80
1415750400,6.84
1415836800,6.80
1416182400,6.86
1416268800,7.02
1416355200,7.03
1416441600,6.94
1416787200,7.05
1416873600,7.12
1416960000,7.19
1417046400,7.09
1417392000,7.05
1417478400,6.87
1417564800,6.88
1417651200,6.84
1417996800,6.67
1418083200,6.74
1418169600,6.51
1418256000,6.74
1418601600,6.84
1427846400,7.24
1427932800,7.20
1428364800,7.10
1428451200,7.12
1428537600,7.02
1428624000,7.05
1428883200,6.80
1428969600,6.80
1429056000,6.84
1429142400,6.86
1429228800,6.93
1429488000,7.12
1429574400,7.04
1429660800,7.07
1429747200,7.24
1429833600,7.36
1430092800,7.12
1430179200,7.22
1430265600,7.42
1430352000,7.42
1430697600,7.58
1430784000,7.54
1430870400,7.54
1430956800,7.44
1431043200,7.59
1431302400,7.59
1431388800,7.59
1431475200,7.60
1431561600,7.56
1431648000,7.66
1431907200,7.58
1431993600,7.25
1432080000,7.35
1432166400,7.28
1432252800,7.38
1432598400,7.22
1432684800,6.72
1432771200,7.20
1432857600,7.39
1433116800,7.32
1433203200,7.50
1433289600,7.57
1433376000,7.48
1433462400,7.48
1433721600,7.53
1433808000,7.64
1433894400,7.66
1433980800,7.58
1434067200,7.67
1434326400,7.60
1434412800,7.50
1434499200,7.55
1434585600,7.51
1434931200,7.55
1435017600,7.57
1435104000,7.56
1435190400,7.66
1435536000,7.42
1435622400,7.51
1435708800,7.55
1435795200,7.53
1436140800,7.43
1436227200,7.52
1436313600,7.52
1436400000,7.54
1436745600,7.84
1436832000,7.80
1436918400,7.83
1437004800,7.72
1437350400,8.06
1437436800,8.01
1437523200,8.02
1437609600,8.14
1437955200,8.08
1438041600,8.08
1438128000,8.12
1438214400,7.92
1438560000,8.02
1438646400,7.97
1438732800,7.88
1438819200,7.90
1439164800,7.99
1439251200,8.13
1439337600,8.26
1439424000,8.26
1439769600,8.30
1439856000,8.32
1439942400,8.40
1440028800,8.44
1440374400,8.27
1440460800,8.31
1440547200,8.17
1440633600,8.10
1440979200,8.12
1441065600,8.07
1441152000,8.18
1441238400,8.24
1441584000,8.15
1441670400,8.29
1441756800,8.32
1441843200,8.34
1442188800,8.30
1442275200,8.24
1442361600,8.30
1442448000,8.28
1442793600,8.05
1442880000,8.07
1442966400,8.14
1443052800,8.06
1443398400,7.98
1443484800,8.02
1443571200,8.18
1443657600,8.21
1444003200,8.25
1444089600,8.25
1444176000,8.15
1444262400,8.18
1444608000,8.35
1444694400,8.38
1444780800,8.48
1444867200,8.47
1445212800,8.39
1445299200,8.48
1445385600,8.49
1445472000,8.51
1445817600,8.70
1445904000,8.66
1445990400,8.62
1446076800,8.72
1446422400,8.64
1446508800,8.51
1446595200,8.44
1446681600,8.49
1447027200,8.36
1447113600,8.48
1447200000,8.48
1447286400,8.43
1447372800,8.44
1447632000,8.57
1447718400,8.66
1447804800,8.61
1447891200,8.66
1447977600,8.54
1448236800,8.59
1448323200,8.68
1448409600,8.66
1448496000,8.63
1448582400,8.61
1448841600,8.62
1448928000,8.59
1449014400,8.53
1449100800,8.61
1449187200,8.55
1449446400,8.45
1449532800,8.44
1449619200,8.44
1449705600,8.39
1450051200,8.11
1450137600,8.23
1450224000,8.17
1450310400,8.12
1450656000,8.22
1450742400,8.29
1450828800,8.26
1451260800,8.36
1451347200,8.30
1451433600,8.25
1451865600,8.07
1451952000,8.03
1452038400,7.78
1452124800,7.56
1452470400,7.16
1452556800,7.13
1452643200,7.27
1452729600,7.09
1453075200,6.73
1453161600,6.84
1453248000,6.32
1453334400,6.20
1453680000,5.89
1453766400,6.08
1453852800,5.91
1453939200,6.08
1454284800,5.69
1454371200,5.81
1454457600,5.62
1454544000,5.60
1454889600,5.24
1454976000,4.94
1455062400,4.90
1455148800,4.73
1455235200,5.03
1455494400,4.80
1455580800,4.69
1455667200,5.09
1455753600,5.25
1455840000,5.17
1456099200,5.42
1456185600,4.90
1456272000,4.86
1456358400,5.06
1456444800,4.99
1456704000,4.99
1456790400,5.00
1456876800,4.96
1456963200,4.89
1457049600,4.93
1457308800,5.09
1457395200,5.03
1457481600,5.08
1457568000,4.91
1457654400,4.99
1457913600,4.88
1458000000,4.87
1458086400,4.96
1458172800,5.00
1458259200,4.94
1458518400,4.86
1458604800,4.80
1458691200,4.80
1458777600,4.84
1459209600,4.77
1459296000,4.95
1459382400,5.20
1459468800,5.17
1459728000,5.31
1459814400,5.22
1459900800,5.30
1459987200,5.27
1460073600,5.43
1460332800,5.57
1460419200,5.57
1460505600,5.53
1460592000,5.60
1460678400,5.46
1460937600,5.46
1461024000,5.56
1461110400,5.54
1461196800,5.76
1461283200,5.95
1461542400,5.91
1461628800,6.61
1461715200,6.84
1461801600,6.33
1461888000,6.17
1462147200,6.11
1462233600,5.97
1462320000,6.13
1462406400,6.19
1462492800,5.85
1462752000,5.70
1462838400,5.89
1462924800,5.98
1463011200,5.80
1463097600,5.84
1463356800,6.10
1463443200,6.04
1463529600,6.04
1463616000,5.99
1463702400,5.95
1463961600,5.72
1464048000,5.78
1464134400,5.86
1464220800,6.02
1464307200,6.02
1464566400,6.10
1464652800,6.09
1464739200,5.95
1464825600,6.01
1464912000,5.92
1465171200,6.20
1465257600,6.09
1465344000,6.09
1465430400,6.10
1465516800,5.95
1465776000,5.83
1465862400,5.84
1465948800,5.88
1466035200,5.69
1466121600,5.67
1466380800,5.85
1466467200,5.54
1466553600,5.66
1466640000,5.64
1466726400,4.96
1466985600,4.78
1476662400,5.84
1476748800,5.89
1476921600,5.70
1477008000,5.58
1477267200,5.92
1477353600,5.78
1477526400,5.90
1477612800,5.70
1477872000,5.76
1478131200,6.35
1478217600,6.54
1478476800,6.46
1478563200,6.10
1478736000,5.95
1478822400,5.85
1479081600,5.54
1479168000,5.55
1479340800,5.60
1479427200,5.73
1479686400,5.44
1479772800,5.42
1479945600,5.29
1480032000,5.05
1480291200,4.80
1480377600,4.56
1480550400,4.44
1480636800,4.32
1480896000,4.16
1480982400,4.15
1481155200,4.23
1481241600,4.48
1481500800,4.65
1481587200,4.82
1481760000,4.96
1481846400,4.59
1483920000,5.00
1484006400,5.60
1484179200,5.30
1484265600,5.06
1484524800,4.96
1484611200,4.80
1484784000,4.88
1484870400,5.16
1485129600,5.34
1485216000,5.23
1485388800,4.93
1485475200,5.05
1485734400,4.99
1485820800,5.20
1485993600,5.24
1486080000,5.22
1486339200,5.08
1486425600,5.08
1486598400,5.25
1486684800,5.30
1486944000,5.07
1487030400,4.95
1487203200,4.96
1487289600,4.85
1487548800,5.05
1487635200,5.09
1487808000,5.17
1487894400,5.31
1488153600,5.28
1488240000,5.15
1488412800,5.74
1488499200,5.55
1488758400,5.47
1488844800,5.43
1489017600,5.16
1489104000,5.08
1489363200,5.11
1489449600,5.16
1489622400,5.07
1489708800,5.13
1489968000,5.05
1490054400,4.93
1490227200,4.98
1490313600,4.88
1490572800,4.67
1490659200,4.63
1490745600,4.71
1490832000,4.63
1490918400,4.85
1491177600,4.70
1491264000,4.78
1491436800,4.86
1491523200,5.06
1491782400,4.84
1491868800,4.77
1491955200,4.84
1492041600,4.93
1492473600,4.85
1492646400,4.76
1492732800,4.73
1492992000,4.70
1493078400,4.62
1493164800,4.49
1493251200,4.57
1493337600,4.52
1493683200,4.48
1493856000,4.35
1493942400,4.52
1494201600,4.45
1494288000,4.37
1494374400,4.49
1494460800,4.37
1494547200,4.26
1494806400,4.41
1494892800,4.45
1495065600,4.68
1495152000,4.77
1495411200,4.87
1495497600,4.88
1495584000,4.81
1496102400,5.10
1496275200,5.05
1496361600,5.07
1496707200,5.16
1496793600,4.97
1496880000,4.96
1496966400,4.98
1497225600,5.03
1497312000,4.99
1497830400,4.84
1497916800,4.99
1498003200,4.95
1498089600,4.81
1498176000,4.87
1498435200,4.84
1498521600,4.80
1498694400,5.05
1498780800,5.02
1499040000,4.98
1499126400,5.06
1499212800,5.10
1499299200,5.07
1499385600,5.24
1499644800,5.50
1499731200,5.37
1499904000,5.46
1499990400,5.27
1500249600,5.40
1500336000,5.46
1500422400,5.39
1500508800,5.35
1500595200,5.23
1500854400,5.04
1500940800,5.12
1501113600,5.20
1501200000,5.06
1501459200,5.23
1501545600,5.60
1501632000,5.29
1501718400,5.38
1501804800,5.33
1502064000,5.24
1502150400,5.26
1502323200,5.40
1502409600,5.35
1502668800,5.41
1502841600,5.62
1502928000,5.90
1503014400,5.80
1503273600,5.81
1503360000,5.75
1503532800,5.98
1503619200,5.93
1503964800,6.07
1504051200,6.02
1504137600,5.91
1504224000,5.88
1504483200,5.80
1504569600,6.04
1504828800,6.90
1505088000,6.80
1505174400,6.65
1505260800,6.95
1505347200,7.42
1505433600,6.96
1505692800,6.85
1505779200,6.95
1505952000,6.68
1506038400,6.50
1506297600,6.80
1506384000,6.97
1506470400,6.75
1506556800,6.83
1506643200,7.09
1506902400,7.00
1507161600,6.92
1507248000,6.77
1507507200,6.92
1507593600,6.90
1507680000,7.40
1507766400,7.37
1507852800,7.30
1508112000,7.25
1508198400,7.45
1508371200,7.86
1508457600,7.56
1508716800,7.43
1508803200,7.41
1508889600,7.41
1508976000,7.46
1509062400,7.25
1509321600,7.15
1509408000,7.11
1509580800,7.52
1509926400,7.91
1510012800,7.89
1510099200,7.62
1510185600,7.79
1510272000,7.35
1510531200,7.26
1510617600,7.26
1510790400,7.68
1510876800,7.43
1511136000,7.32
1511222400,7.51
1511308800,7.46
1511395200,7.37
1511481600,7.70
1511740800,7.69
1511827200,7.59
1512000000,7.60
1512086400,7.50
1512345600,7.63
1512432000,7.49
1512518400,7.38
1512604800,7.23
1512691200,7.24
1512950400,7.10
1513036800,7.37
1513209600,6.96
1513296000,7.07
1515369600,7.83
1515456000,7.68
1515628800,7.89
1515715200,7.79
1515974400,7.72
1516060800,7.77
1516147200,7.99
1516233600,8.26
1516320000,8.60
1516579200,8.70
1516665600,8.88
1516838400,9.34
1516924800,9.02
1517184000,9.06
1517270400,8.86
1517356800,8.78
1517443200,9.37
1517529600,9.04
1517788800,8.66
1517875200,8.84
1518048000,8.93
1518134400,8.97
1518393600,9.08
1518480000,9.53
1518566400,9.88
1518652800,9.64
1518739200,9.53
1518998400,9.58
1519084800,9.70
1519257600,9.56
1519344000,9.68
1519603200,9.56
1519689600,9.54
1519776000,9.99
1519862400,9.92
1519948800,9.89
1520208000,10.05
1520294400,10.28
1520467200,10.77
1520553600,11.10
1520812800,11.32
1520899200,11.03
1520985600,11.25
1521072000,11.09
1521158400,10.97
1521417600,10.96
1521504000,11.17
1521676800,12.54
1521763200,12.37
1522022400,12.80
1522108800,13.26
1522195200,14.05
1522713600,12.90
1522886400,12.65
1522972800,12.68
1523232000,12.96
1523318400,13.10
1523404800,13.55
1523491200,13.15
1523577600,13.80
1523836800,13.84
1523923200,13.82
1524096000,13.99
1524182400,13.05
1524441600,12.75
1524528000,12.73
1524614400,13.09
1524700800,13.39
1524787200,13.28
1525046400,13.35
1525305600,12.77
1525392000,12.78
1525737600,13.51
1525824000,13.92
1526256000,14.20
1526342400,14.70
1526515200,15.05
1526601600,15.20
1526947200,15.88
1527033600,15.81
1527120000,16.23
1527206400,15.89
1527552000,16.25
1527724800,15.40
1527811200,14.90
1528070400,15.28
1528156800,16.35
1528243200,15.70
1528329600,16.14
1528416000,15.78
1528675200,15.70
1528761600,15.08
1528934400,15.44
1529020800,14.62
1529280000,14.52
1529366400,14.35
1529452800,14.43
1529539200,14.20
1529625600,14.78
1529884800,15.03
1529971200,14.86
1530144000,15.22
1530230400,14.85
1530489600,14.95
1530576000,15.15
1530662400,15.35
1530748800,15.40
1530835200,15.55
1531094400,15.85
1531180800,16.15
1531353600,16.22
1531440000,15.80
1531699200,16.14
1531785600,15.87
1531872000,16.17
1531958400,16.46
1532044800,16.90
1532304000,17.20
1532390400,17.45
1532563200,16.99
1532649600,16.91
1532908800,16.90
1532995200,16.87
1533081600,17.38
1533168000,17.58
1533254400,17.62
1533513600,17.62
1533600000,17.47
1533772800,17.47
1533859200,17.72
1534118400,17.93
1534204800,18.03
1534377600,18.00
1534464000,18.10
1534723200,18.20
1534809600,18.55
1534982400,20.05
1535068800,20.55
1535414400,21.30
1535500800,20.90
1535587200,21.09
1535673600,21.11
1535932800,20.45
1536019200,20.50
1536278400,22.51
1536537600,24.85
1536624000,24.15
1536710400,23.55
1536796800,21.90
1536883200,19.51
1537142400,20.60
1537228800,20.75
1537401600,21.80
1537747200,22.39
1537833600,21.90
1537920000,20.40
1538006400,19.87
1538092800,20.30
1538352000,20.70
1538438400,21.45
1538611200,21.15
1538697600,21.14
1538956800,22.09
1539043200,21.32
1539129600,20.70
1539216000,18.57
1539302400,19.95
1539561600,20.03
1539648000,17.90
1539820800,18.53
1539907200,19.17
1540166400,19.10
1540252800,18.50
1540339200,19.10
1540425600,18.72
1540512000,18.98
1540771200,17.91
1540857600,16.87
1541030400,15.85
1541116800,16.15
1541376000,16.40
1541462400,16.99
1541548800,18.25
1541635200,19.56
1541721600,19.25
1541980800,20.01
1542067200,19.76
1542240000,18.46
1542585600,18.43
1542672000,19.40
1542758400,19.84
1542844800,20.30
1543190400,19.71
1543276800,19.77
1543449600,19.35
1543795200,20.52
1543881600,20.35
1543968000,20.21
1544054400,18.55
1544400000,19.77
1544486400,20.77
1544659200,21.88
1545004800,23.40
1546819200,23.01
1546905600,22.40
1547078400,21.40
1547424000,21.95
1547510400,22.55
1547596800,22.72
1547683200,23.55
1548028800,24.22
1548115200,24.42
1548288000,24.60
1548633600,23.01
1548720000,22.43
1548806400,22.91
1548892800,22.30
1548979200,21.38
1549238400,21.38
1549324800,22.93
1549497600,23.80
1549584000,23.28
1549843200,21.80
1549929600,21.71
1550016000,20.01
1550102400,20.86
1550188800,19.99
1550448000,20.14
1550534400,20.26
1550707200,19.85
1550793600,18.35
1551052800,18.62
1551139200,19.60
1551225600,20.31
1551312000,20.90
1551398400,21.31
1551657600,22.12
1551744000,22.86
1551916800,22.03
1552003200,22.88
1552262400,22.60
1552348800,22.48
1552435200,21.99
1552521600,22.23
1552608000,22.77
1552867200,21.50
1552953600,21.35
1553126400,21.10
1553212800,20.64
1553472000,20.60
1553558400,21.17
1553644800,21.45
1553731200,21.55
1553817600,21.83
1554076800,21.06
1554163200,21.40
1554336000,23.65
1554422400,24.17
1554681600,24.07
1554768000,25.20
1554854400,26.21
1554940800,25.88
1555027200,26.72
1555286400,27.00
1555372800,26.80
1555545600,26.92
1555977600,27.17
1556064000,27.02
1556150400,27.46
1556236800,26.79
1556496000,25.81
1556582400,25.85
1556755200,25.04
1556841600,24.32
1557187200,25.65
1557273600,25.82
1557360000,26.81
1557446400,26.35
1557705600,25.25
1557792000,25.03
1557964800,25.81
1558051200,25.01
1558310400,24.91
1558396800,25.01
1558483200,25.40
1558569600,26.05
1558656000,25.61
1559001600,25.30
1559520000,23.96
1559606400,23.86
1559692800,24.42
1559779200,24.07
1559865600,24.24
1560211200,25.12
1560384000,24.92
1560470400,24.67
1560729600,24.78
1560816000,24.98
1560902400,24.98
1560988800,24.86
1561075200,24.87
1561334400,25.64
1561593600,27.10
1561680000,26.40
1561939200,26.72
1562025600,27.22
1562112000,26.33
1562198400,26.22
1562284800,25.84
1562544000,26.60
1562630400,26.68
1562803200,28.50
1562889600,28.25
1563148800,29.15
1563235200,29.10
1563321600,27.97
1563408000,27.99
1563494400,28.15
1563753600,28.96
1563840000,29.05
1564012800,29.46
1564099200,28.51
1564358400,28.80
1564444800,28.18
1564531200,28.04
1564617600,28.90
1564704000,29.10
1564963200,28.82
1565049600,28.48
1565222400,28.68
1565308800,28.37
1565568000,27.70
1565654400,27.10
1565740800,27.15
1565827200,26.41
1565913600,26.12
1566172800,26.25
1566259200,26.94
1566432000,25.78
1566518400,25.33
1566864000,25.25
1566950400,26.00
1567036800,25.93
1567123200,26.80
1567382400,25.40
1567468800,24.82
1567728000,25.46
1567987200,25.01
1568073600,25.50
1568160000,26.68
1568246400,26.55
1568332800,26.22
1568592000,26.58
1568678400,26.75
1568851200,25.56
1568937600,26.17
1569196800,25.93
1569283200,25.59
1569369600,25.17
1569456000,25.21
1569542400,25.30
1569801600,25.03
1569888000,24.40
1570060800,24.03
1570147200,23.41
1570406400,22.77
1570492800,23.37
1570579200,22.16
1570665600,22.83
1570752000,23.62
1571011200,23.82
1571097600,24.48
1571270400,25.96
1571356800,25.64
1571616000,25.90
1571702400,25.70
1571788800,25.09
1571875200,24.61
1571961600,24.86
1572220800,24.68
1572307200,25.40
1572480000,25.95
1572566400,25.71
1572825600,24.93
1572912000,25.80
1572998400,25.10
1573084800,24.86
1573171200,24.62
1573430400,25.21
1573516800,24.95
1573689600,24.28
1573776000,23.41
1574035200,23.41
1574121600,23.62
1574208000,23.34
1574294400,23.96
1574380800,24.32
1574640000,24.52
1574726400,24.29
1574899200,24.91
1574985600,25.03
1575244800,24.62
1575331200,24.41
1575417600,24.10
1575504000,24.50
1575590400,24.70
1575849600,24.40
1575936000,24.98
1576108800,24.62
1576195200,25.33
1576454400,24.21
1578355200,24.06
1578528000,24.01
1578614400,24.48
1578873600,24.03
1578960000,23.74
1579046400,24.20
1579132800,24.85
1579219200,25.01
1579478400,25.60
1579564800,25.10
1579737600,24.65
1579824000,24.48
1580083200,24.04
1580169600,24.55
1580256000,24.04
1580342400,23.74
1580428800,23.48
1580688000,23.20
1580774400,23.33
1580947200,23.40
1581033600,23.17
1581292800,22.91
1581379200,23.15
1581465600,23.35
1581552000,23.52
1581638400,24.27
1581897600,24.11
1581984000,24.80
1582156800,25.50
1582243200,25.15
1582848000,23.46
1583452800,23.36
1584057600,22.78
1584662400,16.35
1585267200,16.55
1585872000,17.9
1587081600,21.87
1587340800,21.19
1587427200,19.83
1587513600,20.55
1587600000,20.98
1587686400,20.68
1587945600,20.09
1588032000,20.21
1588118400,20.09
1588204800,19.55
1588550400,19.3
1588723200,18.76
1588896000,19.3
1589155200,19.01
1589414400,18.81
1589760000,20.28
1590019200,21.08
1590364800,21.53
1590451200,21.58
1590710400,21.35
1590969600,20.98
1591056000,21.43
1591142400,21.82
1591315200,22.5
1591920000,22.15
1592524800,24.18
1593129600,24.9
1593734400,27
1594339200,27.66
1594944000,26.85
1595548800,26.57
1596153600,26.3
1596758400,26.16
1597363200,25.25
1597968000,25.36
1598572800,29.5
1599177600,28.8
1599782400,28.05
1600387200,28.36
1600992000,26.2
1601596800,26.11
1602201600,26
1602806400,25.46
1603411200,24.92
1604016000,23.45
1604620800,25.2
1605225600,26.31
1605830400,26.8
1606435200,28.23
1607040000,30
1607644800,30.45
1610668800,30.45
1611878400,33.51
1612483200,37.61
1613088000,37.8
1613692800,38.36
1614297600,37.51
1614902400,38.08
1615507200,41.52
1616112000,41.91
1616716800,40.86
1617926400,43.18
1618531200,44.5
1619136000,46.41
1619740800,47.68
1620345600,49.46
1621555200,52.71
1622160000,51.08
1622764800,49.55
1623369600,53.12
1623974400,51.51
1624579200,55.69
1625184000,57.11
1625788800,53.85
1626393600,53.33
1626998400,50.13
1627603200,53.00
1628208000,56.72
1628812800,55.6
1629417600,54.4
1630022400,57.51
1630627200,61.25
1631232000,61.85
1631836800,59.6
1632441600,61.24
1633046400,62.04
1633651200,59.92
1634256000,61.01
1634860800,59.5
1635465600,59.4
1636070400,61.05
1636675200,63.53
1637280000,69.21
1637884800,71.95
1638489600,78.76
1639094400,79.83
1639699200,82.25
1642118400,81.52
1642723200,84.03
1643328000,89.25
1643932800,94.65
1644537600,89.98
1645142400,87.65
1645747200,86.9
1646265600,67.22
1646956800,76.5
1647561600,79.21
1648166400,78.5
1648771200,78
1649376000,80.21
1650585600,87.4
1651190400,82.86
1651795200,90.77
1652400000,88.75
1653004800,81.15
1654819200,80.73
1655424000,83
1656028800,82.9
1656633600,88.22
1657238400,82.63
1657843200,83.71
1658448000,78.06
1659052800,77.96
1659657600,84.5
1660262400,87.3
1660867200,96.87
1661472000,89.56
1662076800,78.41
1662681600,65.21
1663286400,71
1663891200,67.56
1664496000,66.87
1665100800,67.52
1665705600,67.7
1666310400,67.9
1666915200,80.76
1667520000,78.14
1668124800,73.33
1668729600,72.22
1669334400,79.36
1669939200,85.21
1670544000,88.26
1671148800,83.41
1673568000,76.42
1674172800,81.01
1674777600,86.71
1675382400,91.15
1675987200,89.7
1676592000,93.69
1677196800,95.83
1677801600,88.81
1678406400,95.16
1679011200,86.5
1679616000,88.09
1680220800,88.61
1681430400,92.3
1682035200,88.6
1682640000,84
1683244800,84.38
1683849600,86.67
1685059200,81.11
1685664000,78.2
1686268800,83.11
1686873600,89.3
1687478400,88.9
1688083200,85.31
1688688000,84.82
1689292800,85.51
1689897600,89.36
1690502400,87.33
1691107200,83.33
1691712000,84.2
1692316800,86.68
1692921600,85.5
1693526400,84
1694131200,82.09
1694736000,82.33
1695340800,84.03
1695945600,81.65
1696550400,79.95
1697155200,84.61
1697760000,81.19
1698364800,79.41
1698969600,78.35
1699574400,76.46
1700179200,76.55
1700784000,75.9
1701388800,71.45
1701993600,69.84
1702598400,66.6
1705622400,61.93
1706227200,61.95
1706832000,60.92
1707436800,57.24
1708041600,55.12
1708646400,49.5
1709251200,53.6
1709856000,57.1
1710460800,57.75
1711065600,57.93
1712275200,57.17
1712880000,68.01
1713484800,67.77
1714089600,65.66
